Metric,Value
R²,0.8485919042393981
RMSE,9.204634774648186
MAE,7.255801025041178
